,0,1,accuracy,macro avg,weighted avg
precision,0.9999992114012454,0.9553009883198562,0.9998428320408889,0.9776500998605508,0.9998497869181014
recall,0.999843093347631,0.9997649271274095,0.9998428320408889,0.9998040102375203,0.9998428320408889
f1-score,0.9999211462807459,0.9770273374684125,0.9998428320408889,0.9884742418745792,0.9998446131366263
support,1268270.0,4254.0,0.9998428320408889,1272524.0,1272524.0
