,0,1,accuracy,macro avg,weighted avg
precision,0.9979667215903636,1.0,0.9979693899682835,0.9989833607951818,0.9979735187638192
recall,1.0,0.3925716972261401,0.9979693899682835,0.6962858486130701,0.9979693899682835
f1-score,0.9989823261880869,0.5638082376772451,0.9979693899682835,0.7813952819326659,0.997527555533447
support,1268270.0,4254.0,0.9979693899682835,1272524.0,1272524.0
