,0,1,accuracy,macro avg,weighted avg
precision,0.9999992115212515,0.9985912185959145,0.9999944991214311,0.999295215058583,0.9999945046537155
recall,0.9999952691461598,0.9997649271274095,0.9999944991214311,0.9998800981367846,0.9999944991214311
f1-score,0.99999724032982,0.9991777281804299,0.9999944991214311,0.9995874842551249,0.9999945007314441
support,1268270.0,4254.0,0.9999944991214311,1272524.0,1272524.0
