,0,1,accuracy,macro avg,weighted avg
precision,0.9989720969615816,1.0,0.9989744790667995,0.9994860484807908,0.9989755332028827
recall,1.0,0.6932299012693935,0.9989744790667995,0.8466149506346967,0.9989744790667995
f1-score,0.9994857841987986,0.8188254893794253,0.9989744790667995,0.909155636789112,0.9988818436097318
support,1268270.0,4254.0,0.9989744790667995,1272524.0,1272524.0
