,0,1,accuracy,macro avg,weighted avg
precision,0.9999992114746213,0.9813105676049838,0.9999355611367644,0.9906548895398026,0.9999367360391707
recall,0.9999361334731564,0.9997649271274095,0.9999355611367644,0.9998505303002829,0.9999355611367644
f1-score,0.9999676714791481,0.9904517931998136,0.9999355611367644,0.9952097323394808,0.999935860254998
support,1268270.0,4254.0,0.9999355611367644,1272524.0,1272524.0
