,0,1,accuracy,macro avg,weighted avg
precision,0.998278572198823,1.0,0.9982813683671192,0.9991392860994115,0.998284326867392
recall,1.0,0.48589562764456984,0.9982813683671192,0.7429478138222849,0.9982813683671192
f1-score,0.9991385446328022,0.6540104413858567,0.9982813683671192,0.8265744930093295,0.9979847943293011
support,1268270.0,4254.0,0.9982813683671192,1272524.0,1272524.0
