,0,1,accuracy,macro avg,weighted avg
precision,1.0,0.9967197750702905,0.9999889982428622,0.9983598875351453,0.9999890343311002
recall,0.9999889613410393,1.0,0.9999889982428622,0.9999944806705197,0.9999889982428622
f1-score,0.9999944806400565,0.9983571931471485,0.9999889982428622,0.9991758368936026,0.9999890072493818
support,1268270.0,4254.0,0.9999889982428622,1272524.0,1272524.0
