,0,1,accuracy,macro avg,weighted avg
precision,1.0,0.9990605918271489,0.9999968566408177,0.9995302959135745,0.9999968595937152
recall,0.9999968460974398,1.0,0.9999968566408177,0.9999984230487199,0.9999968566408177
f1-score,0.9999984230462331,0.9995300751879699,0.9999968566408177,0.9997642491171015,0.9999968573769105
support,1268270.0,4254.0,0.9999968566408177,1272524.0,1272524.0
