,0,1,accuracy,macro avg,weighted avg
precision,0.9989154465768831,1.0,0.9989178986015195,0.9994577232884416,0.9989190721982953
recall,1.0,0.6763046544428772,0.9989178986015195,0.8381523272214386,0.9989178986015195
f1-score,0.999457429064859,0.806899453092133,0.9989178986015195,0.903178441078496,0.9988137149739751
support,1268270.0,4254.0,0.9989178986015195,1272524.0,1272524.0
