,0,1,accuracy,macro avg,weighted avg
precision,0.9999992114422879,0.9696762425900592,0.9998946974673955,0.9848377270161736,0.9998978428948206
recall,0.999895132739874,0.9997649271274095,0.9998946974673955,0.9998300299336418,0.9998946974673955
f1-score,0.9999471693828438,0.9844907407407407,0.9998946974673955,0.9922189550617923,0.9998954991216593
support,1268270.0,4254.0,0.9998946974673955,1272524.0,1272524.0
