,0,1,accuracy,macro avg,weighted avg
precision,0.9975452083584043,1.0,0.99754739399807,0.9987726041792022,0.9975534146347838
recall,1.0,0.26633756464503994,0.99754739399807,0.6331687823225199,0.99754739399807
f1-score,0.9987710958273565,0.42064228698719136,0.99754739399807,0.7097066914072739,0.9968384329048448
support,1268270.0,4254.0,0.99754739399807,1272524.0,1272524.0
