,0,1,accuracy,macro avg,weighted avg
precision,1.0,0.982902033271719,0.9999418478551289,0.9914510166358594,0.9999428421385671
recall,0.9999416528026367,1.0,0.9999418478551289,0.9999708264013183,0.9999418478551289
f1-score,0.9999708255501947,0.9913773013283618,0.9999418478551289,0.9956740634392782,0.9999420977210618
support,1268270.0,4254.0,0.9999418478551289,1272524.0,1272524.0
