,0,1,accuracy,macro avg,weighted avg
precision,0.9999992115069521,0.9932274638019617,0.9999764248061334,0.9966133376544569,0.9999765738083806
recall,0.9999771342064387,0.9997649271274095,0.9999764248061334,0.9998710306669241,0.9999764248061334
f1-score,0.9999881727348421,0.9964854732895969,0.9999764248061334,0.9982368230122195,0.9999764633419818
support,1268270.0,4254.0,0.9999764248061334,1272524.0,1272524.0
